<?xml version="1.0" encoding="utf-8"?>
<edmx:Edmx Version="1.0" xmlns:edmx="http://schemas.microsoft.com/ado/2007/06/edmx" xmlns:m="http://schemas.microsoft.com/ado/2007/08/dataservices/metadata" xmlns:sap="http://www.sap.com/Protocols/SAPData">
    <edmx:Reference Uri="http://54.197.175.224:50000/sap/opu/odata/iwfnd/catalogservice;v=2/Vocabularies(TechnicalName='%2FIWBEP%2FVOC_AGGREGATION',Version='0001',SAP__Origin='')/$value" xmlns:edmx="http://docs.oasis-open.org/odata/ns/edmx">
        <edmx:Include Namespace="Org.OData.Aggregation.V1" Alias="Aggregation"/>
    </edmx:Reference>
    <edmx:Reference Uri="http://54.197.175.224:50000/sap/opu/odata/iwfnd/catalogservice;v=2/Vocabularies(TechnicalName='%2FIWBEP%2FVOC_ANALYTICS',Version='0001',SAP__Origin='')/$value" xmlns:edmx="http://docs.oasis-open.org/odata/ns/edmx">
        <edmx:Include Namespace="com.sap.vocabularies.Analytics.v1" Alias="Analytics"/>
    </edmx:Reference>
    <edmx:Reference Uri="http://54.197.175.224:50000/sap/opu/odata/iwfnd/catalogservice;v=2/Vocabularies(TechnicalName='%2FIWBEP%2FVOC_CAPABILITIES',Version='0001',SAP__Origin='')/$value" xmlns:edmx="http://docs.oasis-open.org/odata/ns/edmx">
        <edmx:Include Namespace="Org.OData.Capabilities.V1" Alias="Capabilities"/>
        <edmx:Include Namespace="Org.OData.Capabilities.V1"/>
    </edmx:Reference>
    <edmx:Reference Uri="http://54.197.175.224:50000/sap/opu/odata/iwfnd/catalogservice;v=2/Vocabularies(TechnicalName='%2FIWBEP%2FVOC_CODELIST',Version='0001',SAP__Origin='')/$value" xmlns:edmx="http://docs.oasis-open.org/odata/ns/edmx">
        <edmx:Include Namespace="com.sap.vocabularies.CodeList.v1" Alias="SAP__CodeList"/>
        <edmx:Include Namespace="com.sap.vocabularies.CodeList.v1" Alias="CodeList"/>
    </edmx:Reference>
    <edmx:Reference Uri="http://54.197.175.224:50000/sap/opu/odata/iwfnd/catalogservice;v=2/Vocabularies(TechnicalName='%2FIWBEP%2FVOC_COMMON',Version='0001',SAP__Origin='')/$value" xmlns:edmx="http://docs.oasis-open.org/odata/ns/edmx">
        <edmx:Include Namespace="com.sap.vocabularies.Common.v1" Alias="Common"/>
        <edmx:Include Namespace="com.sap.vocabularies.Common.v1" Alias="SAP__common"/>
    </edmx:Reference>
    <edmx:Reference Uri="http://54.197.175.224:50000/sap/opu/odata/iwfnd/catalogservice;v=2/Vocabularies(TechnicalName='%2FIWBEP%2FVOC_COMMUNICATION',Version='0001',SAP__Origin='')/$value" xmlns:edmx="http://docs.oasis-open.org/odata/ns/edmx">
        <edmx:Include Namespace="com.sap.vocabularies.Communication.v1" Alias="Communication"/>
    </edmx:Reference>
    <edmx:Reference Uri="http://54.197.175.224:50000/sap/opu/odata/iwfnd/catalogservice;v=2/Vocabularies(TechnicalName='%2FIWBEP%2FVOC_CORE',Version='0001',SAP__Origin='')/$value" xmlns:edmx="http://docs.oasis-open.org/odata/ns/edmx">
        <edmx:Include Namespace="Org.OData.Core.V1" Alias="SAP__core"/>
    </edmx:Reference>
    <edmx:Reference Uri="http://54.197.175.224:50000/sap/opu/odata/iwfnd/catalogservice;v=2/Vocabularies(TechnicalName='%2FIWBEP%2FVOC_MEASURES',Version='0001',SAP__Origin='')/$value" xmlns:edmx="http://docs.oasis-open.org/odata/ns/edmx">
        <edmx:Include Namespace="Org.OData.Measures.V1" Alias="Measures"/>
    </edmx:Reference>
    <edmx:Reference Uri="http://54.197.175.224:50000/sap/opu/odata/iwfnd/catalogservice;v=2/Vocabularies(TechnicalName='%2FIWBEP%2FVOC_PERSONALDATA',Version='0001',SAP__Origin='')/$value" xmlns:edmx="http://docs.oasis-open.org/odata/ns/edmx">
        <edmx:Include Namespace="com.sap.vocabularies.PersonalData.v1" Alias="PersonalData"/>
    </edmx:Reference>
    <edmx:Reference Uri="http://54.197.175.224:50000/sap/opu/odata/iwfnd/catalogservice;v=2/Vocabularies(TechnicalName='%2FIWBEP%2FVOC_UI',Version='0001',SAP__Origin='')/$value" xmlns:edmx="http://docs.oasis-open.org/odata/ns/edmx">
        <edmx:Include Namespace="com.sap.vocabularies.UI.v1" Alias="UI"/>
    </edmx:Reference>
    <edmx:Reference Uri="http://54.197.175.224:50000/sap/opu/odata/iwfnd/catalogservice;v=2/Vocabularies(TechnicalName='%2FIWBEP%2FVOC_VALIDATION',Version='0001',SAP__Origin='')/$value" xmlns:edmx="http://docs.oasis-open.org/odata/ns/edmx">
        <edmx:Include Namespace="Org.OData.Validation.V1" Alias="Validation"/>
    </edmx:Reference>
    <edmx:DataServices m:DataServiceVersion="2.0">
        <Schema Namespace="cds_zui_rap_flight" xml:lang="en" sap:schema-version="1" xmlns="http://schemas.microsoft.com/ado/2008/09/edm">
            <Annotation Term="Core.SchemaVersion" String="1.0.0" xmlns="http://docs.oasis-open.org/odata/ns/edm"/>
            <EntityType Name="BookingType" sap:label="Kalem tablosu (rezervasyon.) Projection" sap:content-version="1">
                <Key>
                    <PropertyRef Name="carrid"/>
                    <PropertyRef Name="connid"/>
                    <PropertyRef Name="fldate"/>
                    <PropertyRef Name="bookid"/>
                </Key>
                <Property Name="Delete_mc" Type="Edm.Boolean" sap:label="Dyn. Method Control" sap:creatable="false" sap:updatable="false" sap:sortable="false" sap:filterable="false"/>
                <Property Name="Update_mc" Type="Edm.Boolean" sap:label="Dyn. Method Control" sap:creatable="false" sap:updatable="false" sap:sortable="false" sap:filterable="false"/>
                <Property Name="carrid" Type="Edm.String" Nullable="false" MaxLength="3" sap:display-format="UpperCase" sap:label="Airline" sap:quickinfo="Airline Code" sap:creatable="false" sap:updatable="false"/>
                <Property Name="connid" Type="Edm.String" Nullable="false" MaxLength="4" sap:display-format="NonNegative" sap:label="Connection Number" sap:quickinfo="Flight Connection Number" sap:creatable="false" sap:updatable="false"/>
                <Property Name="fldate" Type="Edm.DateTime" Nullable="false" Precision="0" sap:display-format="Date" sap:label="Flight Date" sap:quickinfo="Flight date" sap:creatable="false" sap:updatable="false"/>
                <Property Name="bookid" Type="Edm.String" Nullable="false" MaxLength="8" sap:display-format="NonNegative" sap:label="Booking number"/>
                <Property Name="customid" Type="Edm.String" MaxLength="8" sap:display-format="NonNegative" sap:text="customer_name" sap:label="Customer Number"/>
                <Property Name="custtype" Type="Edm.String" MaxLength="1" sap:display-format="UpperCase" sap:label="B/P customer" sap:quickinfo="Customer type"/>
                <Property Name="smoker" Type="Edm.String" MaxLength="1" sap:display-format="UpperCase" sap:label="Smoker"/>
                <Property Name="luggweight" Type="Edm.Decimal" Precision="8" Scale="4" sap:unit="wunit" sap:label="Luggage Weight" sap:quickinfo="Weight of Luggage"/>
                <Property Name="wunit" Type="Edm.String" MaxLength="3" sap:label="Unit of Measurement" sap:quickinfo="Weight Unit" sap:semantics="unit-of-measure"/>
                <Property Name="invoice" Type="Edm.Boolean" sap:display-format="UpperCase" sap:label="Invoice flag"/>
                <Property Name="class" Type="Edm.String" MaxLength="1" sap:display-format="UpperCase" sap:label="Class" sap:quickinfo="Flight Class"/>
                <Property Name="forcuram" Type="Edm.Decimal" Precision="15" Scale="3" sap:unit="forcurkey" sap:variable-scale="true" sap:label="Amount" sap:quickinfo="Booking price in foreign currency (dependent on location)"/>
                <Property Name="forcurkey" Type="Edm.String" MaxLength="5" sap:label="Paymnt currency" sap:quickinfo="Payment currency" sap:semantics="currency-code"/>
                <Property Name="customer_name" Type="Edm.String" MaxLength="25" sap:label="Customer name" sap:creatable="false" sap:updatable="false"/>
                <NavigationProperty Name="to_flight" Relationship="cds_zui_rap_flight.assoc_4E5944D7B1445BD1EB81D38D89F34DE4" FromRole="FromRole_assoc_4E5944D7B1445BD1EB81D38D89F34DE4" ToRole="ToRole_assoc_4E5944D7B1445BD1EB81D38D89F34DE4"/>
            </EntityType>
            <EntityType Name="FlightType" sap:label="Uçuş Projection View" sap:content-version="1">
                <Key>
                    <PropertyRef Name="carrid"/>
                    <PropertyRef Name="connid"/>
                    <PropertyRef Name="fldate"/>
                </Key>
                <Property Name="acceptFlight_ac" Type="Edm.Boolean" sap:label="Dyn. Action Control" sap:creatable="false" sap:updatable="false" sap:sortable="false" sap:filterable="false"/>
                <Property Name="rejectFlight_ac" Type="Edm.Boolean" sap:label="Dyn. Action Control" sap:creatable="false" sap:updatable="false" sap:sortable="false" sap:filterable="false"/>
                <Property Name="Delete_mc" Type="Edm.Boolean" sap:label="Dyn. Method Control" sap:creatable="false" sap:updatable="false" sap:sortable="false" sap:filterable="false"/>
                <Property Name="Update_mc" Type="Edm.Boolean" sap:label="Dyn. Method Control" sap:creatable="false" sap:updatable="false" sap:sortable="false" sap:filterable="false"/>
                <Property Name="to_booking_oc" Type="Edm.Boolean" sap:label="Dynamic CbA-Control" sap:creatable="false" sap:updatable="false" sap:sortable="false" sap:filterable="false"/>
                <Property Name="carrid" Type="Edm.String" Nullable="false" MaxLength="3" sap:display-format="UpperCase" sap:text="carrname" sap:label="Airline" sap:quickinfo="Airline Code"/>
                <Property Name="connid" Type="Edm.String" Nullable="false" MaxLength="4" sap:display-format="NonNegative" sap:text="cityfrom" sap:label="Connection Number" sap:quickinfo="Flight Connection Number"/>
                <Property Name="fldate" Type="Edm.DateTime" Nullable="false" Precision="0" sap:display-format="Date" sap:label="Flight Date" sap:quickinfo="Flight date"/>
                <Property Name="price" Type="Edm.Decimal" Precision="15" Scale="3" sap:unit="currency" sap:variable-scale="true" sap:label="Airfare"/>
                <Property Name="currency" Type="Edm.String" MaxLength="5" sap:label="Airline Currency" sap:quickinfo="Local currency of airline" sap:semantics="currency-code"/>
                <Property Name="planetype" Type="Edm.String" MaxLength="10" sap:display-format="UpperCase" sap:text="plane_producer" sap:label="Plane Type" sap:quickinfo="Aircraft Type"/>
                <Property Name="plane_producer" Type="Edm.String" MaxLength="5" sap:display-format="UpperCase" sap:label="Manufacturer" sap:quickinfo="Plane manufacturer" sap:creatable="false" sap:updatable="false"/>
                <Property Name="seatsmax" Type="Edm.Int32" sap:label="Max. capacity econ." sap:quickinfo="Maximum capacity in economy class" sap:creatable="false" sap:updatable="false"/>
                <Property Name="seatsocc" Type="Edm.Int32" sap:label="Occupied econ." sap:quickinfo="Occupied seats in economy class"/>
                <Property Name="paymentsum" Type="Edm.Decimal" Precision="17" Scale="3" sap:unit="currency" sap:variable-scale="true" sap:label="Booking total" sap:quickinfo="Total of current bookings"/>
                <Property Name="status" Type="Edm.Int32" sap:label="Max. capacity bus." sap:quickinfo="Maximum capacity in business class"/>
                <Property Name="price_criticality" Type="Edm.Byte"/>
                <Property Name="carrname" Type="Edm.String" MaxLength="20" sap:label="Airline" sap:quickinfo="Airline name" sap:creatable="false" sap:updatable="false"/>
                <Property Name="cityfrom" Type="Edm.String" MaxLength="20" sap:display-format="UpperCase" sap:label="Depart. city" sap:quickinfo="Departure city" sap:creatable="false" sap:updatable="false"/>
                <NavigationProperty Name="to_booking" Relationship="cds_zui_rap_flight.assoc_445388D7673C9B03BAA770B6E3244A8F" FromRole="FromRole_assoc_445388D7673C9B03BAA770B6E3244A8F" ToRole="ToRole_assoc_445388D7673C9B03BAA770B6E3244A8F"/>
            </EntityType>
            <EntityType Name="SAP__Currency" sap:content-version="1">
                <Key>
                    <PropertyRef Name="CurrencyCode"/>
                </Key>
                <Property Name="CurrencyCode" Type="Edm.String" Nullable="false" MaxLength="5" sap:label="Currency" sap:semantics="currency-code"/>
                <Property Name="ISOCode" Type="Edm.String" Nullable="false" MaxLength="3" sap:label="ISO code"/>
                <Property Name="Text" Type="Edm.String" Nullable="false" MaxLength="15" sap:label="Short text"/>
                <Property Name="DecimalPlaces" Type="Edm.Byte" Nullable="false" sap:label="Decimals"/>
            </EntityType>
            <EntityType Name="SAP__UnitOfMeasure" sap:content-version="1">
                <Key>
                    <PropertyRef Name="UnitCode"/>
                </Key>
                <Property Name="UnitCode" Type="Edm.String" Nullable="false" MaxLength="3" sap:label="Internal UoM" sap:semantics="unit-of-measure"/>
                <Property Name="ISOCode" Type="Edm.String" Nullable="false" MaxLength="3" sap:label="ISO code"/>
                <Property Name="ExternalCode" Type="Edm.String" Nullable="false" MaxLength="3" sap:label="Commercial"/>
                <Property Name="Text" Type="Edm.String" Nullable="false" MaxLength="30" sap:label="UoM Text"/>
                <Property Name="DecimalPlaces" Type="Edm.Int16" sap:label="Decimal Places"/>
            </EntityType>
            <Association Name="assoc_4E5944D7B1445BD1EB81D38D89F34DE4" sap:content-version="1">
                <End Type="cds_zui_rap_flight.BookingType" Multiplicity="1" Role="FromRole_assoc_4E5944D7B1445BD1EB81D38D89F34DE4"/>
                <End Type="cds_zui_rap_flight.FlightType" Multiplicity="1" Role="ToRole_assoc_4E5944D7B1445BD1EB81D38D89F34DE4"/>
            </Association>
            <Association Name="assoc_445388D7673C9B03BAA770B6E3244A8F" sap:content-version="1">
                <End Type="cds_zui_rap_flight.FlightType" Multiplicity="1" Role="FromRole_assoc_445388D7673C9B03BAA770B6E3244A8F">
                    <OnDelete Action="Cascade"/>
                </End>
                <End Type="cds_zui_rap_flight.BookingType" Multiplicity="*" Role="ToRole_assoc_445388D7673C9B03BAA770B6E3244A8F"/>
                <ReferentialConstraint>
                    <Principal Role="FromRole_assoc_445388D7673C9B03BAA770B6E3244A8F">
                        <PropertyRef Name="fldate"/>
                        <PropertyRef Name="connid"/>
                        <PropertyRef Name="carrid"/>
                    </Principal>
                    <Dependent Role="ToRole_assoc_445388D7673C9B03BAA770B6E3244A8F">
                        <PropertyRef Name="fldate"/>
                        <PropertyRef Name="connid"/>
                        <PropertyRef Name="carrid"/>
                    </Dependent>
                </ReferentialConstraint>
            </Association>
            <EntityContainer Name="cds_zui_rap_flight_Entities" m:IsDefaultEntityContainer="true" sap:message-scope-supported="true" sap:supported-formats="atom json xlsx">
                <EntitySet Name="SAP__Currencies" EntityType="cds_zui_rap_flight.SAP__Currency" sap:content-version="1"/>
                <EntitySet Name="SAP__UnitsOfMeasure" EntityType="cds_zui_rap_flight.SAP__UnitOfMeasure" sap:content-version="1"/>
                <EntitySet Name="Booking" EntityType="cds_zui_rap_flight.BookingType" sap:searchable="true" sap:content-version="1" sap:deletable-path="Delete_mc" sap:updatable-path="Update_mc"/>
                <EntitySet Name="Flight" EntityType="cds_zui_rap_flight.FlightType" sap:searchable="true" sap:content-version="1" sap:deletable-path="Delete_mc" sap:updatable-path="Update_mc"/>
                <AssociationSet Name="assoc_4E5944D7B1445BD1EB81D38D89F34DE4" Association="cds_zui_rap_flight.assoc_4E5944D7B1445BD1EB81D38D89F34DE4" sap:creatable="false" sap:updatable="false" sap:deletable="false" sap:content-version="1">
                    <End EntitySet="Booking" Role="FromRole_assoc_4E5944D7B1445BD1EB81D38D89F34DE4"/>
                    <End EntitySet="Flight" Role="ToRole_assoc_4E5944D7B1445BD1EB81D38D89F34DE4"/>
                </AssociationSet>
                <AssociationSet Name="assoc_445388D7673C9B03BAA770B6E3244A8F" Association="cds_zui_rap_flight.assoc_445388D7673C9B03BAA770B6E3244A8F" sap:creatable="false" sap:updatable="false" sap:deletable="false" sap:content-version="1">
                    <End EntitySet="Flight" Role="FromRole_assoc_445388D7673C9B03BAA770B6E3244A8F"/>
                    <End EntitySet="Booking" Role="ToRole_assoc_445388D7673C9B03BAA770B6E3244A8F"/>
                </AssociationSet>
                <FunctionImport Name="acceptFlight" ReturnType="cds_zui_rap_flight.FlightType" EntitySet="Flight" m:HttpMethod="POST" sap:action-for="cds_zui_rap_flight.FlightType" sap:applicable-path="acceptFlight_ac">
                    <Parameter Name="carrid" Type="Edm.String" Mode="In" MaxLength="3" sap:label="Airline"/>
                    <Parameter Name="connid" Type="Edm.String" Mode="In" MaxLength="4" sap:label="Connection Number"/>
                    <Parameter Name="fldate" Type="Edm.DateTime" Mode="In" Precision="0" sap:label="Flight Date" sap:display-format="Date"/>
                </FunctionImport>
                <FunctionImport Name="rejectFlight" ReturnType="cds_zui_rap_flight.FlightType" EntitySet="Flight" m:HttpMethod="POST" sap:action-for="cds_zui_rap_flight.FlightType" sap:applicable-path="rejectFlight_ac">
                    <Parameter Name="carrid" Type="Edm.String" Mode="In" MaxLength="3" sap:label="Airline"/>
                    <Parameter Name="connid" Type="Edm.String" Mode="In" MaxLength="4" sap:label="Connection Number"/>
                    <Parameter Name="fldate" Type="Edm.DateTime" Mode="In" Precision="0" sap:label="Flight Date" sap:display-format="Date"/>
                </FunctionImport>
            </EntityContainer>
            <Annotations Target="cds_zui_rap_flight.cds_zui_rap_flight_Entities" xmlns="http://docs.oasis-open.org/odata/ns/edm">
                <Annotation Term="Common.ApplyMultiUnitBehaviorForSortingAndFiltering" Bool="true"/>
            </Annotations>
            <Annotations Target="cds_zui_rap_flight.FlightType/currency" xmlns="http://docs.oasis-open.org/odata/ns/edm">
                <Annotation Term="Common.FieldControl" EnumMember="Common.FieldControlType/Mandatory"/>
            </Annotations>
            <Annotations Target="cds_zui_rap_flight.cds_zui_rap_flight_Entities/Booking" xmlns="http://docs.oasis-open.org/odata/ns/edm">
                <Annotation Term="Capabilities.FilterRestrictions">
                    <Record>
                        <PropertyValue Property="NonFilterableProperties">
                            <Collection>
                                <PropertyPath>Delete_mc</PropertyPath>
                                <PropertyPath>Update_mc</PropertyPath>
                            </Collection>
                        </PropertyValue>
                    </Record>
                </Annotation>
                <Annotation Term="Capabilities.SortRestrictions">
                    <Record>
                        <PropertyValue Property="NonSortableProperties">
                            <Collection>
                                <PropertyPath>Delete_mc</PropertyPath>
                                <PropertyPath>Update_mc</PropertyPath>
                            </Collection>
                        </PropertyValue>
                    </Record>
                </Annotation>
            </Annotations>
            <Annotations Target="cds_zui_rap_flight.cds_zui_rap_flight_Entities/Flight" xmlns="http://docs.oasis-open.org/odata/ns/edm">
                <Annotation Term="Capabilities.FilterRestrictions">
                    <Record>
                        <PropertyValue Property="NonFilterableProperties">
                            <Collection>
                                <PropertyPath>acceptFlight_ac</PropertyPath>
                                <PropertyPath>rejectFlight_ac</PropertyPath>
                                <PropertyPath>Delete_mc</PropertyPath>
                                <PropertyPath>Update_mc</PropertyPath>
                                <PropertyPath>to_booking_oc</PropertyPath>
                            </Collection>
                        </PropertyValue>
                    </Record>
                </Annotation>
                <Annotation Term="Capabilities.NavigationRestrictions">
                    <Record>
                        <PropertyValue Property="RestrictedProperties">
                            <Collection>
                                <Record>
                                    <PropertyValue Property="NavigationProperty" NavigationPropertyPath="to_booking"/>
                                    <PropertyValue Property="InsertRestrictions">
                                        <Record>
                                            <PropertyValue Property="Insertable" Path="to_booking_oc"/>
                                        </Record>
                                    </PropertyValue>
                                </Record>
                            </Collection>
                        </PropertyValue>
                    </Record>
                </Annotation>
                <Annotation Term="Capabilities.SortRestrictions">
                    <Record>
                        <PropertyValue Property="NonSortableProperties">
                            <Collection>
                                <PropertyPath>acceptFlight_ac</PropertyPath>
                                <PropertyPath>rejectFlight_ac</PropertyPath>
                                <PropertyPath>Delete_mc</PropertyPath>
                                <PropertyPath>Update_mc</PropertyPath>
                                <PropertyPath>to_booking_oc</PropertyPath>
                            </Collection>
                        </PropertyValue>
                    </Record>
                </Annotation>
            </Annotations>
            <Annotations Target="cds_zui_rap_flight.FlightType" xmlns="http://docs.oasis-open.org/odata/ns/edm">
                <Annotation Term="Common.SemanticKey">
                    <Collection>
                        <PropertyPath>planetype</PropertyPath>
                    </Collection>
                </Annotation>
            </Annotations>
            <Annotations Target="cds_zui_rap_flight.cds_zui_rap_flight_Entities" xmlns="http://docs.oasis-open.org/odata/ns/edm">
                <Annotation Term="Org.OData.Capabilities.V1.BatchSupport">
                    <Record Type="Org.OData.Capabilities.V1.BatchSupportType">
                        <PropertyValue Property="ReferencesAcrossChangeSetsSupported" Bool="true"/>
                    </Record>
                </Annotation>
                <Annotation Term="SAP__CodeList.CurrencyCodes">
                    <Record>
                        <PropertyValue Property="Url" String="./$metadata"/>
                        <PropertyValue Property="CollectionPath" String="SAP__Currencies"/>
                    </Record>
                </Annotation>
                <Annotation Term="SAP__CodeList.UnitsOfMeasure">
                    <Record>
                        <PropertyValue Property="Url" String="./$metadata"/>
                        <PropertyValue Property="CollectionPath" String="SAP__UnitsOfMeasure"/>
                    </Record>
                </Annotation>
            </Annotations>
            <Annotations Target="cds_zui_rap_flight.SAP__Currency/CurrencyCode" xmlns="http://docs.oasis-open.org/odata/ns/edm">
                <Annotation Term="SAP__common.Text" Path="Text"/>
                <Annotation Term="SAP__common.UnitSpecificScale" Path="DecimalPlaces"/>
                <Annotation Term="SAP__CodeList.StandardCode" Path="ISOCode"/>
            </Annotations>
            <Annotations Target="cds_zui_rap_flight.SAP__UnitOfMeasure/UnitCode" xmlns="http://docs.oasis-open.org/odata/ns/edm">
                <Annotation Term="SAP__common.Text" Path="Text"/>
                <Annotation Term="SAP__common.UnitSpecificScale" Path="DecimalPlaces"/>
                <Annotation Term="SAP__CodeList.StandardCode" Path="ISOCode"/>
                <Annotation Term="SAP__CodeList.ExternalCode" Path="ExternalCode"/>
            </Annotations>
            <Annotations Target="cds_zui_rap_flight.SAP__UnitOfMeasure" xmlns="http://docs.oasis-open.org/odata/ns/edm">
                <Annotation Term="SAP__core.AlternateKeys">
                    <Collection>
                        <Record>
                            <PropertyValue Property="Key">
                                <Collection>
                                    <Record>
                                        <PropertyValue Property="Name" Path="ExternalCode"/>
                                        <PropertyValue Property="Alias" String="ExternalCode"/>
                                    </Record>
                                </Collection>
                            </PropertyValue>
                        </Record>
                    </Collection>
                </Annotation>
            </Annotations>
            <atom:link rel="self" href="http://54.197.175.224:50000/sap/opu/odata/sap/ZUI_RAP_FLIGHT_O2/$metadata" xmlns:atom="http://www.w3.org/2005/Atom"/>
            <atom:link rel="latest-version" href="http://54.197.175.224:50000/sap/opu/odata/sap/ZUI_RAP_FLIGHT_O2/$metadata" xmlns:atom="http://www.w3.org/2005/Atom"/>
        </Schema>
    </edmx:DataServices>
</edmx:Edmx>